artist,year
Britney Spears,2000
blink-182,1999
Faith Hill,1999
Bon Jovi,2000
*NSYNC,2000
Sisqo,1999
Eminem,2000
Robbie Williams,2000
Destiny's Child,1999
Modjo,2001
Gigi D'Agostino,2011
Eiffel 65,1999
Bomfunk MC's,2000
Sting,1999
Melanie C,1999
Aaliyah,2002
Anastacia,1999
Alice Deejay,2000
Gigi D'Agostino,1999
Dr. Dre,1999
Linkin Park,2000
Tom Jones,1999
Sonique,2000
M.O.P.,2000
Melanie C,1999
Limp Bizkit,2000
Darude,2001
Da Brat,2000
Moloko,2000
Chicane,2016
DMX,1999
Debelah Morgan,2000
Madonna,2000
Ruff Endz,2000
Britney Spears,1999
Montell Jordan,1999
Kylie Minogue,2000
JAY-Z,1999
LeAnn Rimes,2001
Avant,2000
Enrique Iglesias,1999
Toni Braxton,2000
Bow Wow,2000
Dr. Dre,1999
Missy Elliott,1998
Backstreet Boys,1999
Samantha Mumba,2018
Mýa,2000
Mary Mary,2000
Next,2004
Janet Jackson,2001
Ricky Martin,2000
Jagged Edge,2000
Sisqo,1999
JAY-Z,2000
Mariah Carey,1999
Baha Men,2000
Donell Jones,1999
LeAnn Rimes,2001
Oasis,2000
DJ Ötzi,2010
P!nk,2000
Mariah Carey,2011
Craig David,2000
Christina Aguilera,1999
Madonna,2000
Red Hot Chili Peppers,1999
Sammie,2000
Craig David,2000
Santana,1999
Kandi,2000
P!nk,2000
Vengaboys,2000
Ronan Keating,2000
Madison Avenue,1999
Destiny's Child,1999
Céline Dion,1999
3 Doors Down,2000
Carl Thomas,2000
Mystikal,2000
Fuel,2000
Donell Jones,1999
Savage Garden,1999
Westlife,2000
All Saints,2000
Destiny's Child,2001
*NSYNC,2000
Erykah Badu,2000
Marc Anthony,1999
Matchbox Twenty,2000
Gabrielle,2001
Backstreet Boys,2000
Creed,1999
The Corrs,2000
Joe,2000
Wheatus,1999
Christina Aguilera,1999
Creed,1999
Britney Spears,2000
Nelly,2000
Shaggy,2000
Destiny's Child,2001
Eminem,2000
Kylie Minogue,2001
Christina Aguilera,2001
Nelly Furtado,2000
Shakira,2001
Jimmy Eat World,2001
Train,2001
Geri Halliwell,2001
Blu Cantrell,2001
Britney Spears,2001
Kylie Minogue,2001
Missy Elliott,2001
Mary J. Blige,2001
Faithless,2015
Limp Bizkit,2000
Lasgo,2001
iio,2006
Emma Bunton,2001
112,2001
Blue,2001
Jessica Simpson,2001
Crazy Town,1999
Michael Jackson,2001
Eve,2001
Jennifer Lopez,2001
Brandy,2002
Nickelback,2001
Daft Punk,2001
Outkast,2000
Fragma,2001
Mariah Carey,2001
Dido,1999
Joe,2000
P.O.D.,2001
Jennifer Lopez,2001
Missy Elliott,2001
Ricky Martin,2008
Christina Milian,2001
Roger Sanchez,2000
Gorillaz,2001
2Pac,2001
Tamia,2000
Mary J. Blige,2001
Jennifer Lopez,2001
Jamiroquai,2001
Case,2001
112,2001
Five,2001
Rui Da Silva,2001
Alien Ant Farm,2001
Erick Sermon,2001
D12,2001
Usher,2016
Madonna,2000
Blue,2001
Atomic Kitten,2001
Jagged Edge,2001
Afroman,2001
S Club 7,2001
Craig David,2000
Nelly Furtado,2000
The Supermen Lovers,2001
Mis-Teeq,2004
Jagged Edge,2000
S Club 7,2001
Enya,2000
Faith Hill,2001
Ronan Keating,2000
Destiny's Child,2001
Steps,2000
Sunshine Anderson,2001
Lenny Kravitz,2000
Daniel Bedingfield,2002
DB Boulevard,2018
Janet Jackson,2001
Atomic Kitten,2001
Ja Rule,2001
Destiny's Child,2001
DJ Pied Piper & The Masters Of Ceremonies,2001
Jennifer Lopez,2001
Musiq Soulchild,2000
So Solid Crew,2001
Robbie Williams,2001
Basement Jaxx,2001
Ludacris,2000
Gabrielle,2001
Nelly,2000
Trick Daddy,2001
Travis,2001
JAY-Z,2001
Gabrielle,2001
OPM,2000
K-Ci & JoJo,2019
Staind,2001
3LW,2000
Ginuwine,2001
*NSYNC,2001
Lifehouse,2000
Nelly,2002
Eminem,2002
Avril Lavigne,2002
Vanessa Carlton,2002
The Calling,2001
Shakira,2001
No Doubt,2001
Truth Hurts,2002
Busta Rhymes,2002
Eminem,2002
Diddy,2004
Christina Milian,2001
Madonna,2003
Jennifer Lopez,2002
Angie Martinez,2019
Linkin Park,2000
Las Ketchup,2002
Aaliyah,2019
Holly Valance,2002
Sugababes,2002
Marilyn Manson,2003
Brandy,2002
Chad Kroeger,2003
Britney Spears,2001
Scooter,2013
Missy Elliott,2001
Aaliyah,2002
Brandy,2002
Blue,2002
Busta Rhymes,2001
Céline Dion,2001
Scooter,2013
Eve,2002
Disturbing Tha Peace,2002
Khia,2015
Tweet,2002
Kylie Minogue,2000
Nelly,2002
Gareth Gates,2003
Christina Aguilera,2002
B2K,2002
Sugababes,2002
Dirty Vegas,2002
Fat Joe,2001
Liberty X,2019
No Doubt,2001
LL Cool J,2002
Red Hot Chili Peppers,2002
Musiq Soulchild,2002
Sean Paul,2002
Faith Evans,2001
Charli Baltimore,2002
Kylie Minogue,2001
N.O.R.E.,2002
Gareth Gates,2003
Diddy,2005
Big Brovaz,2001
No Doubt,2001
Ashanti,2002
Sophie Ellis-Bextor,2002
Justin Timberlake,2002
Mary J. Blige,2001
A1,2001
Eminem,2002
Ashanti,2002
Delta Goodrem,2003
P!nk,2001
Alicia Keys,2001
Daniel Bedingfield,2002
Coldplay,2002
Missy Elliott,2002
Ronan Keating,2002
Big Tymers,2002
Creed,2001
Ja Rule,2001
Ashanti,2002
Avril Lavigne,2002
DJ Sammy,2002
Britney Spears,2001
Cam’ron,2002
Red Hot Chili Peppers,2002
Elvis Presley,2002
Atomic Kitten,2002
*NSYNC,2001
Robbie Williams,2001
Alanis Morissette,2002
Usher,2001
Creed,2015
The Goo Goo Dolls,2002
Puddle Of Mudd,2001
Ludacris,2001
Blazin' Squad,2012
Default,2001
Michelle Branch,2001
Daniel Bedingfield,2002
Enrique Iglesias,2001
Puddle Of Mudd,2001
Coldplay,2002
Outkast,2001
P!nk,2001
50 Cent,2003
Sean Paul,2002
Eminem,2004
Beyoncé,2003
Counting Crows,2003
Black Eyed Peas,2003
Jennifer Lopez,2002
Black Eyed Peas,2003
t.A.T.u.,2020
Benny Benassi,2003
Busta Rhymes,2002
Panjabi MC,2003
Mis-Teeq,2004
JAY-Z,2002
50 Cent,2003
Jamelia,2003
Linkin Park,2003
DMX,2007
Evanescence,2003
Sugababes,2003
Craig David,2002
Three Days Grace,2003
Lil Jon & The East Side Boyz,2002
B2K,2003
Baby Bash,2003
Aaliyah,2002
Britney Spears,2003
Blue,2004
Delta Goodrem,2003
Justin Timberlake,2002
The White Stripes,2003
Youngbloodz,2003
Beyoncé,2003
Lil' Kim,2019
Christina Aguilera,2002
Nickelback,2003
Blue,2003
Ashanti,2003
Trapt,2002
Simply Red,2008
Lumidee,2003
Girls Aloud,2003
Nelly,2016
Room 5,2003
Fatman Scoop,2009
Limp Bizkit,2003
Sugababes,2003
50 Cent,2003
Pharrell Williams,2003
Chingy,2003
Eminem,2002
Lil' Kim,2003
Mýa,2003
50 Cent,2003
Nelly,2002
Missy Elliott,2002
Girls Aloud,2003
Ultrabeat,2003
Christina Aguilera,2002
Frankie J,2003
Snoop Dogg,2005
Floetry,2002
Ginuwine,2003
Electric Six,2003
Rachel Stevens,2003
Ludacris,2003
Nas,2002
3 Doors Down,2002
Tyrese,2002
Justin Timberlake,2002
Westlife,2003
No Doubt,2003
Amanda Perez,2003
JAY-Z,2002
Coldplay,2002
Kelly Rowland,2002
Missy Elliott,2002
Ashanti,2003
Junior Senior,2002
Audioslave,2002
Sean Paul,2002
Jaheim,2002
Jennifer Lopez,2002
Monica,2003
Dido,2003
The Roots,2002
Chingy,2003
Fabolous,2003
Kelly Clarkson,2003
Ja Rule,2002
Matchbox Twenty,2002
Outkast,2003
Fabolous,2003
Switchfoot,2003
Daniel Bedingfield,2002
Good Charlotte,2002
Wayne Wonder,2003
The Strokes,2003
Avril Lavigne,2002
Will Young,2003
Usher,2004
Maroon 5,2002
Britney Spears,2003
Outkast,2003
Hoobastank,2003
Anastacia,2004
Daddy Yankee,2004
Black Eyed Peas,2004
O-Zone,2004
Terror Squad,2004
Anastacia,1999
Gwen Stefani,2004
Ashanti,2004
The Rasmus,2003
Houston,2004
Beyoncé,2003
Linkin Park,2003
Lloyd Banks,2004
Akon,2004
D12,2004
Jay Sean,2004
Mario Winans,2016
Destiny's Child,2004
Eric Prydz,2004
Ciara,2004
Kelis,2003
LL Cool J,2004
Spiderbait,2004
George Michael,2004
Britney Spears,2004
Nina Sky,2004
Baby Bash,2003
Petey Pablo,2003
JAY-Z,2003
Juanes,2004
Avril Lavigne,2004
Robbie Williams,2004
Black Eyed Peas,2003
Ying Yang Twins,2003
Enrique Iglesias,2003
Kelis,2003
Linkin Park,2003
JoJo,2005
Christina Milian,2004
Avant,2003
Eminem,2004
Sugababes,2003
Snoop Dogg,2004
Sean Paul,2002
The Shapeshifters,2004
D12,2004
Basement Jaxx,2003
Kevin Lyttle,2004
Chingy,2003
T.I.,2004
DJ Casper,2004
Kylie Minogue,2004
Twista,2004
N.E.R.D,2004
Britney Spears,2003
U2,2004
Franz Ferdinand,2004
J-Kwon,2001
G-Unit,2003
Lil' Flip,2004
Kanye West,2004
Evanescence,2003
Nelly,2004
Lemar,2004
No Doubt,2003
Avril Lavigne,2004
Twista,2004
Green Day,2004
Kelis,2003
Scissor Sisters,2004
Alicia Keys,2003
Kanye West,2004
Special D.,2004
Ludacris,2003
Avril Lavigne,2004
Dido,2003
Eamon,2004
Beyoncé,2003
3 Doors Down,2002
Kanye West,2004
Twista,2004
Katie Melua,2003
Usher,2004
Lloyd,2004
LMC,2004
The Streets,2004
JUVENILE,2003
Outkast,2003
Girls Aloud,2004
Jessica Simpson,2003
Eminem,2004
Gary Jules,2001
Ashlee Simpson,2004
Will Young,2003
Alicia Keys,2003
Mariah Carey,2005
Mario,2004
Kanye West,2005
Rihanna,2005
50 Cent,2005
James Blunt,2005
Green Day,2004
The Pussycat Dolls,2005
Daniel Powter,2005
Akon,2004
Madonna,2005
50 Cent,2005
Crazy Frog,2005
Eminem,2004
Sean Paul,2005
Gwen Stefani,2004
The Chemical Brothers,2005
Fort Minor,2005
50 Cent,2005
The Game,2005
Chris Brown,2005
Mariah Carey,2005
Black Eyed Peas,2005
Ciara,2004
50 Cent,2005
Baby Bash,2005
Jennifer Lopez,2005
JAY-Z,2004
The Game,2005
Gorillaz,2005
Black Eyed Peas,2005
Akon,2004
Bodyrockers,2005
Sugababes,2005
Jeezy,2005
Eminem,2004
Shakira,2005
Gorillaz,2005
Snoop Dogg,2004
Robbie Williams,2005
David Banner,2005
Trillville,2004
D4L,2005
Missy Elliott,2005
Rob Thomas,2005
Brian McFadden,2004
Bobby V.,2005
Backstreet Boys,2005
Pretty Ricky,2005
Kanye West,2005
Snoop Dogg,2004
Fat Joe,2005
Destiny's Child,2004
Ciara,2005
Amerie,2008
Ludacris,2004
Franz Ferdinand,2005
Natalie Imbruglia,2005
Gwen Stefani,2004
Pretty Ricky,2005
Thirty Seconds To Mars,2005
Alicia Keys,2003
2Pac,2004
Craig David,2005
Katie Melua,2005
Lil Jon & The East Side Boyz,2004
Mariah Carey,2005
Ying Yang Twins,2005
Will Smith,2020
Bow Wow,2005
Kaiser Chiefs,2005
Kelly Clarkson,2004
Black Eyed Peas,2005
Westlife,2005
Ray J,2005
Papa Roach,2004
Arctic Monkeys,2006
Shayne Ward,2006
Bow Wow,2005
Kaiser Chiefs,2005
Usher,2004
Kelly Clarkson,2004
3 Doors Down,2012
Nickelback,2005
T-Pain,2005
Destiny's Child,2004
The Pussycat Dolls,2005
Ryan Cabrera,2004
Stereophonics,2005
Eminem,2004
Nelly,2004
Coldplay,2005
KT Tunstall,2005
Destiny's Child,2004
Kelly Clarkson,2004
U2,2004
The All-American Rejects,2005
Toby Keith,2005
Gwen Stefani,2004
Foo Fighters,2005
Shakira,2005
Sean Paul,2005
Justin Timberlake,2006
Beyoncé,2007
Amy Winehouse,2006
Rihanna,2006
Gnarls Barkley,2006
Busta Rhymes,2006
Nelly Furtado,2006
Bob Sinclar,2006
Diddy,2006
Madonna,2005
Chamillionaire,2005
Black Eyed Peas,2005
Nelly Furtado,2006
Fedde Le Grand,2015
Sean Paul,2006
The Pussycat Dolls,2005
Ciara,2006
Eminem,2005
Cherish,2006
Muse,2006
Chris Brown,2005
Infernal,2004
Cassie,2006
E-40,2006
The Pussycat Dolls,2005
Lil Jon,2006
Armand Van Helden,2006
The Notorious B.I.G.,2005
Yung Joc,2006
Shayne Ward,2006
Justin Timberlake,2006
Nickelback,2005
Nelly,2005
Take That,2006
Fergie,2006
Cascada,2011
D4L,2005
LL Cool J,2006
Beyoncé,2007
P!nk,2006
Eminem,2005
Kelis,2006
Bob Sinclar,2005
Meck,2005
Mary J. Blige,2005
Girls Aloud,2012
Rihanna,2006
Kanye West,2005
Dem Franchize Boyz,2006
Evanescence,2006
Chingy,2006
Nickelback,2005
Fall Out Boy,2005
Leona Lewis,2007
T.I.,2006
Ludacris,2006
Nick Lachey,2006
Jibbs,2006
Arctic Monkeys,2006
Rascal Flatts,2006
Beyoncé,2006
Keyshia Cole,2005
Lily Allen,2006
Ne-Yo,2006
JoJo,2006
Mary J. Blige,2005
Bubba Sparxxx,2005
Amy Winehouse,2006
Rascal Flatts,2006
Red Hot Chili Peppers,2006
Scissor Sisters,2006
Ne-Yo,2006
Hinder,2019
The Raconteurs,2006
The Fratellis,2006
Fort Minor,2005
The Pussycat Dolls,2005
Panic! At The Disco,2005
James Blunt,2005
Christina Aguilera,2006
Westlife,2006
Keane,2006
Orson,2006
T-Pain,2005
KT Tunstall,2005
Natasha Bedingfield,2004
Razorlight,2006
James Morrison,2006
Snow Patrol,2006
The Fray,2005
Sandi Thom,2006
My Chemical Romance,2006
Razorlight,2006
The All-American Rejects,2005
James Morrison,2006
Chris Brown,2005
P!nk,2006
The Kooks,2006
Leona Lewis,2007
Rihanna,2008
Britney Spears,2007
Fergie,2006
Mark Ronson,2007
Plain White T's,2005
Justin Timberlake,2006
Gwen Stefani,2006
Timbaland,2007
Nelly Furtado,2006
Ida Corr,2012
Alex Gaudino,2007
September,2007
Akon,2006
Timbaland,2007
50 Cent,2007
Eric Prydz,2007
Fedde Le Grand,2015
Ciara,2006
Kanye West,2007
Beyoncé,2007
Gym Class Heroes,2007
Akon,2006
Soulja Boy,2007
Fat Joe,2006
P!nk,2006
Rihanna,2008
Lloyd,2007
Kanye West,2007
Camille Jones,2006
Linkin Park,2007
Keyshia Cole,2007
Chris Brown,2007
Shop Boyz,2007
Finger Eleven,2007
Justin Timberlake,2006
MiMS,2007
Fabolous,2007
Seether,2007
Take That,2006
Arctic Monkeys,2007
Justin Timberlake,2006
Fergie,2006
Linkin Park,2007
My Chemical Romance,2006
Calvin Harris,2007
Sugababes,2007
Avril Lavigne,2007
Ne-Yo,2007
Daughtry,2016
Unk,2013
Lloyd,2007
Klaxons,2007
T-Pain,2007
Baby Boy Da Prince,2006
Fergie,2006
Omarion,2006
Pretty Ricky,2007
Nickelback,2005
Fall Out Boy,2007
Justin Timberlake,2006
All Time Low,2007
Amy Winehouse,2006
Keyshia Cole,2007
Ciara,2006
Enrique Iglesias,2007
T2,2017
Robyn,2005
Maroon 5,2007
Fall Out Boy,2007
Paramore,2007
Hinder,2019
Huey,2006
Foo Fighters,2007
Plies,2007
Kaiser Chiefs,2007
Mark Ronson,2007
Bow Wow,2006
Jim Jones,2006
The Red Jumpsuit Apparatus,2006
MIKA,2006
Christina Aguilera,2006
Sean Kingston,2007
Akon,2006
James Blunt,2007
Carrie Underwood,2005
Just Jack,2006
T-Pain,2007
Bone Thugs-N-Harmony,2007
Avril Lavigne,2007
Rich Boy,2007
MIKA,2006
Manic Street Preachers,2007
Elliott Yamin,2007
Wyclef Jean,2007
Boys Like Girls,2007
Take That,2007
J. Holiday,2007
Red Hot Chili Peppers,2006
Ludacris,2006
Flo Rida,2008
Katy Perry,2008
Rihanna,2008
Alicia Keys,2007
Timbaland,2007
Ne-Yo,2008
Chris Brown,2007
Beyoncé,2008
Kardinal Offishall,2008
Madcon,2007
September,2007
Rihanna,2008
Guru Josh Project,2011
Britney Spears,2007
Lil Wayne,2008
Basshunter,2008
Kanye West,2007
Madonna,2009
Katy Perry,2008
Rihanna,2008
Snoop Dogg,2007
Akon,2008
Britney Spears,2008
Eric Prydz,2008
Kelly Rowland,2010
Jeezy,2008
Madonna,2008
The Pussycat Dolls,2008
will.i.am,2007
Soulja Boy,2007
Britney Spears,2007
T.I.,2008
Ne-Yo,2008
Lil Wayne,2008
Colby O'Donis,2008
Miley Cyrus,2007
Basshunter,2008
Chris Brown,2007
Finger Eleven,2007
Alesha Dixon,2008
Dizzee Rascal,2011
Gabriella Cilmi,2008
Jack White,2007
Plies,2007
The Pussycat Dolls,2008
Sean Kingston,2008
Natasha Bedingfield,2008
The Offspring,2008
Kanye West,2007
Estelle,2008
Saving Abel,2008
Pendulum,2008
The Game,2008
Danity Kane,2008
P!nk,2008
Kanye West,2008
Gym Class Heroes,2008
M.I.A.,2007
3 Doors Down,2008
Kylie Minogue,2007
Mariah Carey,2008
MGMT,2007
The Ting Tings,2007
Lil Wayne,2008
Santana,2007
The-Dream,2007
Wiley,2008
Usher,2008
Sam Sparro,2008
"H ""two"" O",2008
The Ting Tings,2008
Plies,2008
James Morrison,2008
Leona Lewis,2007
Metro Station,2007
T.I.,2008
Trey Songz,2007
OneRepublic,2007
Alexandra Burke,2009
Mary J. Blige,2007
Jordin Sparks,2007
Coldplay,2008
Kings of Leon,2008
Kanye West,2007
Duffy,2008
David Archuleta,2008
J. Holiday,2007
Gavin DeGraw,2008
Jordin Sparks,2007
Coldplay,2008
Ray J,2008
Jennifer Hudson,2008
John Legend,2008
Jonas Brothers,2008
Lupe Fiasco,2007
Chris Brown,2008
Adele,2008
Leona Lewis,2007
Fergie,2006
T-Pain,2008
Black Eyed Peas,2009
Lady Gaga,2008
Beyoncé,2008
David Guetta,2010
Flo Rida,2009
Taylor Swift,2008
Pitbull,2009
Britney Spears,2008
Lady Gaga,2008
Skillet,2009
The Prodigy,2009
Black Eyed Peas,2009
Kanye West,2008
Kid Cudi,2009
Lady Gaga,2008
Britney Spears,2008
Pitbull,2009
Mariah Carey,2009
Beyoncé,2008
Agnes,2009
Black Eyed Peas,2009
Shakira,2009
Lady Gaga,2008
JAY-Z,2009
OneRepublic,2009
Jeremih,2009
Cascada,2009
Linkin Park,2009
Kevin Rudolf,2008
JAY-Z,2009
Lady Gaga,2009
T.I.,2008
Eminem,2009
Dizzee Rascal,2011
Ciara,2009
Rihanna,2009
Soulja Boy,2008
The xx,2009
Jay Sean,2009
Keri Hilson,2008
David Guetta,2010
Cheryl,2009
Soulja Boy,2008
Eminem,2009
P!nk,2010
Tinchy Stryder,2009
Pixie Lott,2009
JLS,2009
3OH!3,2008
A.R. Rahman,2009
The Pussycat Dolls,2008
Akon,2008
Alexandra Burke,2009
Mario,2009
Drake,2009
Selena Gomez & The Scene,2009
Kanye West,2008
The Veronicas,2005
Fabolous,2009
Jason Derulo,2010
Lily Allen,2009
T.I.,2008
Sean Kingston,2009
Empire of the Sun,2008
Cobra Starship,2009
Nickelback,2008
La Roux,2009
Kasabian,2009
Calvin Harris,2009
Justin Bieber,2009
Jamie Foxx,2008
La Roux,2009
Muse,2009
Nickelback,2008
James Morrison,2008
T.I.,2008
Dizzee Rascal,2011
Beyoncé,2008
Boys Like Girls,2009
The-Dream,2009
OneRepublic,2009
JLS,2013
Jason Aldean,2009
The Fray,2009
Lily Allen,2009
Kings of Leon,2008
Drake,2010
Kelly Clarkson,2009
Miley Cyrus,2009
Jordin Sparks,2009
Ne-Yo,2008
Green Day,2009
Keri Hilson,2009
Taylor Swift,2008
Shinedown,2008
Asher Roth,2009
Katy Perry,2008
Kelly Clarkson,2009
Mumford & Sons,2009
The Fray,2009
Bruno Mars,2010
Eminem,2010
Lady Gaga,2009
Stromae,2010
Kesha,2010
David Guetta,2010
Taio Cruz,2010
Rihanna,2010
Katy Perry,2012
Kesha,2010
INNA,2010
Far East Movement,2010
David Guetta,2010
Duck Sauce,2010
Lucenzo,2011
Rihanna,2009
Timbaland,2009
DJ Fresh,2010
Edward Maya,2010
Taio Cruz,2010
Black Eyed Peas,2009
Sidney Samson,2009
Eminem,2010
Lady Gaga,2009
Rihanna,2009
Ne-Yo,2010
3OH!3,2010
Black Eyed Peas,2010
Kelly Rowland,2011
Swedish House Mafia,2010
Chris Brown,2011
Usher,2010
Iyaz,2009
Flo Rida,2010
Sean Kingston,2010
Waka Flocka Flame,2010
Tinie Tempah,2010
Bruno Mars,2010
Miley Cyrus,2010
Mike Posner,2010
Lady Gaga,2009
Yolanda Be Cool,2010
Rihanna,2009
Tinie Tempah,2010
Adam Lambert,2009
Trey Songz,2010
Timbaland,2009
Enrique Iglesias,2010
Tim Berg,2010
Usher,2010
Maroon 5,2010
Jay Sean,2009
Rihanna,2010
3OH!3,2010
Justin Bieber,2010
Cali Swag District,2011
Swedish House Mafia,2010
K'NAAN,2009
Ludacris,2010
Kesha,2010
DJ Khaled,2010
Jason Derulo,2010
Aloe Blacc,2010
B.o.B,2010
Ludacris,2010
Nelly,2010
Rihanna,2010
Shontelle,2010
Take That,2010
Trey Songz,2009
Jason Derulo,2010
Drake,2010
Example,2010
Plan B,2010
The Saturdays,2010
Jay Sean,2009
Usher,2010
Lil Wayne,2010
The Wanted,2010
Kesha,2010
Ellie Goulding,2010
Drake,2010
Jason Derulo,2010
Two Door Cinema Club,2010
JAY-Z,2009
Young Money,2009
B.o.B,2010
Katy Perry,2010
Scouting For Girls,2017
Travie McCoy,2010
Owl City,2009
Alicia Keys,2009
Lady A,2010
Taylor Swift,2010
Neon Trees,2010
Kris Allen,2009
Matt Cardle,2011
Robyn,2010
The Band Perry,2010
B.o.B,2010
Adele,2011
Maroon 5,2010
LMFAO,2011
Katy Perry,2010
Bruno Mars,2010
Pitbull,2011
Alexandra Stan,2011
David Guetta,2010
Jennifer Lopez,2011
Rihanna,2010
Kesha,2010
Snoop Dogg,2011
Taio Cruz,2010
Usher,2010
Example,2011
Black Eyed Peas,2010
David Guetta,2012
Lykke Li,2011
Pitbull,2011
Selena Gomez & The Scene,2011
Wiz Khalifa,2011
Katy Perry,2012
Britney Spears,2011
Gym Class Heroes,2011
Edward Maya,2010
Enrique Iglesias,2010
Jeremih,2010
Sak Noel,2011
Olly Murs,2011
LMFAO,2011
Cobra Starship,2011
Jessie J,2011
DJ Fresh,2012
Waka Flocka Flame,2010
Nickelback,2011
M83,2011
Britney Spears,2011
Labrinth,2012
Jason Derulo,2011
Coldplay,2011
Katy Perry,2012
Adele,2011
Dr. Dre,2011
Lil Wayne,2011
DJ Khaled,2011
Chris Brown,2011
Far East Movement,2010
The Wanted,2011
Kesha,2010
Kelly Rowland,2011
Rihanna,2011
Nicole Scherzinger,2011
Mann,2011
Chris Brown,2011
Swedish House Mafia,2011
Kanye West,2010
Miguel,2010
Diddy - Dirty Money,2010
Rihanna,2010
Chris Brown,2019
Avril Lavigne,2011
Professor Green,2011
Chase & Status,2011
Chip,2011
Selena Gomez & The Scene,2011
Rizzle Kicks,2011
Lady Gaga,2011
Nicki Minaj,2010
Mac Miller,2011
Calvin Harris,2012
David Guetta,2012
Foster The People,2011
Drake,2011
Jessie J,2011
Jason Aldean,2010
Wiz Khalifa,2011
OneRepublic,2009
Bad Meets Evil,2011
Bruno Mars,2010
Lupe Fiasco,2011
James Morrison,2011
Jason Derulo,2011
Adele,2011
Red Hot Chili Peppers,2011
Keri Hilson,2010
P!nk,2010
Blake Shelton,2011
Lady Gaga,2011
Lady A,2011
Hot Chelle Rae,2011
Grouplove,2011
Coldplay,2011
Beyoncé,2011
P!nk,2010
Christina Perri,2011
Bruno Mars,2010
The Band Perry,2010
Lil Wayne,2011
Charlene Soraia,2011
Christina Perri,2011
Rihanna,2011
Carly Rae Jepsen,2012
fun.,2012
Sean Paul,2012
Pitbull,2011
DEV,2012
Adele,2012
David Guetta,2012
Rihanna,2011
JAY-Z,2011
Maroon 5,2012
Skrillex,2011
The Wanted,2012
Flo Rida,2012
will.i.am,2013
David Guetta,2012
Nicki Minaj,2012
Kendrick Lamar,2012
MARINA,2012
Kanye West,2012
DJ Fresh,2012
LMFAO,2011
PSY,2012
Kesha,2012
Usher,2012
Olly Murs,2012
Linkin Park,2012
Bruno Mars,2012
Avicii,2011
Flo Rida,2012
Rihanna,2012
Wiz Khalifa,2012
Katy Perry,2012
Nicki Minaj,2012
Kendrick Lamar,2012
Asaf Avidan & the Mojos,2012
Florence + The Machine,2011
Azealia Banks,2014
Maroon 5,2012
James Arthur,2013
Michel Teló,2012
Otto Knows,2012
Icona Pop,2012
Tyga,2012
Calvin Harris,2012
Jennifer Lopez,2012
Grimes,2012
Adele,2011
Coldplay,2011
Chris Brown,2012
Frank Ocean,2012
Calvin Harris,2012
The Script,2012
Swedish House Mafia,2012
MARINA,2012
Justin Bieber,2012
David Guetta,2012
Jessie J,2011
Taylor Swift,2012
ScHoolboy Q,2012
P!nk,2012
Robbie Williams,2012
Snoop Dogg,2011
Justin Bieber,2012
Rita Ora,2012
Alex Clare,2011
Tyga,2012
Alesso,2012
Guy Sebastian,2012
Katy Perry,2012
Avicii,2012
Gotye,2011
Flo Rida,2012
One Direction,2012
Lana Del Rey,2012
Kesha,2012
Owl City,2012
Calvin Harris,2012
Emeli Sandé,2012
Ellie Goulding,2010
Train,2012
Disclosure,2013
Coldplay,2011
One Direction,2012
Gym Class Heroes,2011
Carrie Underwood,2012
alt-J,2012
Chris Brown,2012
Kelly Clarkson,2011
Drake,2011
Katy Perry,2012
Rita Ora,2012
Rudimental,2013
Lana Del Rey,2012
Ne-Yo,2012
Demi Lovato,2011
Drake,2011
Little Mix,2012
Bruno Mars,2011
Cher Lloyd,2011
Lorde,2013
Robin Thicke,2013
Imagine Dragons,2012
Avicii,2013
Bruno Mars,2012
Macklemore & Ryan Lewis,2012
Daft Punk,2013
will.i.am,2013
Stromae,2013
Bingo Players,2013
Naughty Boy,2013
Tom Odell,2013
2 Chainz,2013
David Guetta,2012
Pitbull,2012
will.i.am,2013
Lil Wayne,2013
Macklemore & Ryan Lewis,2012
Martin Garrix,2013
Jason Derulo,2013
John Newman,2013
Britney Spears,2013
The Neighbourhood,2013
Sebastian Ingrosso,2013
Capital Cities,2013
Demi Lovato,2013
Arctic Monkeys,2013
Justin Bieber,2012
Eminem,2013
Pitbull,2012
Selena Gomez,2013
P!nk,2012
Disclosure,2013
Flo Rida,2012
Kanye West,2013
Lana Del Rey,2013
Eminem,2013
Icona Pop,2013
Fall Out Boy,2013
Lorde,2013
Avicii,2012
Imagine Dragons,2012
One Direction,2013
Taylor Swift,2012
Arctic Monkeys,2013
Rudimental,2013
Klangkarussell,2014
Calvin Harris,2012
A$AP Rocky,2013
P!nk,2012
Ylvis,2013
Ellie Goulding,2014
Baauer,2013
Calvin Harris,2012
Katy Perry,2013
AWOLNATION,2011
Duke Dumont,2013
Jason Derulo,2013
Storm Queen,2014
Calvin Harris,2012
Katy Perry,2013
Wale,2013
Ciara,2013
Drake,2013
Birdy,2013
Bastille,2013
Olly Murs,2012
Katy Perry,2013
Blake Shelton,2013
Calvin Harris,2012
JAY-Z,2013
Bridgit Mendler,2012
The Saturdays,2013
Bastille,2013
One Direction,2013
Nelly,2013
Zedd,2012
Miley Cyrus,2013
Chris Brown,2013
Daft Punk,2013
Armin van Buuren,2013
Justin Timberlake,2013
Bruno Mars,2012
Of Monsters and Men,2012
Miley Cyrus,2013
J. Cole,2013
Paramore,2013
Christina Perri,2013
Drake,2013
James Blunt,2013
Maroon 5,2012
Childish Gambino,2013
Avril Lavigne,2013
Taylor Swift,2012
Passenger,2012
Ariana Grande,2013
Rihanna,2012
Justin Timberlake,2013
Bruno Mars,2012
Florida Georgia Line,2012
Pharrell Williams,2014
Katy Perry,2013
ScHoolboy Q,2014
Iggy Azalea,2014
Maroon 5,2014
Sam Smith,2014
MAGIC!,2014
Sia,2014
John Legend,2013
ZHU,2014
Meghan Trainor,2015
David Guetta,2014
Iggy Azalea,2014
Tove Lo,2014
Oliver Heldens,2014
DJ Snake,2014
Jason Derulo,2013
Maroon 5,2014
David Guetta,2014
Tinashe,2014
Route 94,2014
Taylor Swift,2014
Trey Songz,2015
Calvin Harris,2014
O.T. Genasis,2014
Jason Derulo,2013
Lilly Wood and The Prick,2014
Jeremih,2015
Nicki Minaj,2014
Calvin Harris,2014
DJ Snake,2013
Pitbull,2012
OneRepublic,2014
Bobby Shmurda,2014
Calvin Harris,2014
ScHoolboy Q,2014
Nico & Vinz,2014
Becky G,2014
Sigma,2014
The Chainsmokers,2014
Lorde,2013
Rixton,2014
Klingande,2013
Mr. Probz,2014
Paloma Faith,2014
Kiesza,2014
Ellie Goulding,2014
Ariana Grande,2014
Kid Ink,2014
Tove Lo,2014
Chris Brown,2014
OneRepublic,2014
Olly Murs,2014
Peking Duk,2014
Milky Chance,2014
Ed Sheeran,2014
Ariana Grande,2014
Enrique Iglesias,2014
Avicii,2013
Jessie J,2014
Duke Dumont,2014
Gorgon City,2014
Taylor Swift,2014
MKTO,2012
Disclosure,2013
Ariana Grande,2014
Charli XCX,2014
One Direction,2014
Tiësto,2013
Selena Gomez,2014
Rita Ora,2014
5 Seconds of Summer,2014
The Script,2014
Taylor Swift,2014
One Direction,2014
Ed Sheeran,2014
Alesso,2014
Tiësto,2014
G.R.L.,2014
Coldplay,2014
Clean Bandit,2014
Zedd,2014
Sia,2014
One Direction,2013
Alex & Sierra,2014
Omarion,2014
Echosmith,2013
Natalie La Rose,2014
Vance Joy,2014
Beyoncé,2014
Maroon 5,2014
Ella Henderson,2014
Ed Sheeran,2013
Chris Brown,2014
Sheppard,2014
Olly Murs,2014
Sam Smith,2014
Jason Derulo,2013
Nicki Minaj,2014
Nick Jonas,2014
Mark Ronson,2015
Ed Sheeran,2014
Wiz Khalifa,2015
Justin Bieber,2015
Major Lazer,2015
The Weeknd,2014
Ellie Goulding,2015
Calvin Harris,2014
David Guetta,2014
Demi Lovato,2015
Taylor Swift,2014
The Weeknd,2015
The Neighbourhood,2015
Deorro,2015
Avicii,2014
DJ Snake,2014
Adam Lambert,2015
Rae Sremmurd,2015
Taylor Swift,2015
Flo Rida,2015
Robin Schulz,2015
Calvin Harris,2015
Philip George,2014
Trey Songz,2015
Fall Out Boy,2015
Rob $tone,2016
Lost Frequencies,2014
Twenty One Pilots,2015
Fifth Harmony,2015
KALEO,2015
Sam Smith,2014
Major Lazer,2015
Martin Solveig,2015
Avicii,2015
Felix Jaehn,2018
Taylor Swift,2014
The Weeknd,2015
Pitbull,2014
Galantis,2015
Rihanna,2015
Zara Larsson,2015
One Direction,2015
Travis Scott,2015
Years & Years,2015
Demi Lovato,2015
Lemaitre,2017
Selena Gomez,2015
Pia Mia,2015
Flo Rida,2015
Silentó,2015
Chris Brown,2015
The Strumbellas,2016
Fetty Wap,2015
Tove Lo,2014
Beyoncé,2014
Lana Del Rey,2015
Zara Larsson,2017
Jeremih,2015
Drake,2016
Selena Gomez,2015
Birdy,2015
Fetty Wap,2015
Ariana Grande,2014
The Weeknd,2015
SAYGRACE,2015
X Ambassadors,2015
R. City,2015
Kygo,2016
Tame Impala,2015
Selena Gomez,2015
Fetty Wap,2015
Hozier,2014
Taylor Swift,2014
Alessia Cara,2015
Sam Smith,2015
David Guetta,2015
Meek Mill,2015
Big Sean,2015
Kygo,2016
Drake,2015
Petit Biscuit,2015
Shawn Mendes,2015
Flo Rida,2015
Selena Gomez,2014
Jack Ü,2015
Ellie Goulding,2015
Bryson Tiller,2015
Rich Homie Quan,2015
Joel Adams,2015
Zedd,2015
Jonas Blue,2015
BØRNS,2015
Sigala,2018
Justin Bieber,2015
Ariana Grande,2014
Little Mix,2015
One Direction,2015
Years & Years,2015
Meghan Trainor,2015
Nicky Jam,2017
The Weeknd,2016
Drake,2016
Justin Bieber,2015
The Chainsmokers,2016
Adele,2015
Desiigner,2016
Burak Yeter,2016
Sia,2016
OneRepublic,2016
Rihanna,2016
Coldplay,2015
Justin Bieber,2015
Justin Timberlake,2016
WILLOW,2015
Desiigner,2016
G-Eazy,2015
David Guetta,2016
Astrid S,2016
Lil Wayne,2016
Twenty One Pilots,2016
Future,2016
Galantis,2016
The Chainsmokers,2016
Tinie Tempah,2016
Alok,2016
Jon Bellion,2016
Cheat Codes,2016
Meghan Trainor,2017
Dua Lipa,2017
Martin Garrix,2016
Alan Walker,2018
Tove Lo,2016
DJ Snake,2016
Calvin Harris,2016
Mike Posner,2016
Kevin Gates,2016
Rihanna,2016
Ariana Grande,2016
Marshmello,2016
Shawn Mendes,2015
Selena Gomez,2015
Calvin Harris,2016
Fitz and The Tantrums,2016
Twenty One Pilots,2015
Flo Rida,2015
Ariana Grande,2016
Anne-Marie,2016
Charlie Puth,2016
AlunaGeorge,2016
Enrique Iglesias,2016
MNEK,2015
Mike Perry,2016
Drake,2016
Ariana Grande,2016
Shawn Mendes,2017
Tory Lanez,2016
Coldplay,2015
Kungs,2016
SAYGRACE,2016
X Ambassadors,2015
DNCE,2016
99 Souls,2016
Illy,2016
Kiiara,2015
Kygo,2016
Fifth Harmony,2016
Drake,2016
ZAYN,2016
Alessia Cara,2016
DJ Snake,2016
Sigala,2015
Drake,2015
Charlie Puth,2016
Nick Jonas,2016
Jonas Blue,2016
Major Lazer,2016
The Chainsmokers,2015
Tory Lanez,2016
P!nk,2016
Bryson Tiller,2015
Steve Aoki,2016
Clean Bandit,2016
Jonas Blue,2015
Flume,2016
Bastille,2016
Sia,2016
PARTYNEXTDOOR,2016
Garrett Nash,2016
Hilltop Hoods,2016
Fifth Harmony,2016
Daya,2016
Kent Jones,2016
Flume,2016
Bryson Tiller,2015
MØ,2016
Beyoncé,2016
Little Mix,2017
The Lumineers,2016
Frank Ocean,2016
Drake,2016
Ed Sheeran,2017
Sean Paul,2018
Luis Fonsi,2017
Sam Smith,2017
Clean Bandit,2016
Camila Cabello,2017
Imagine Dragons,2017
Maroon 5,2018
The Chainsmokers,2017
Ed Sheeran,2017
MGMT,2018
Travis Scott,2016
Billie Eilish,2017
Future,2017
G-Eazy,2017
Maroon 5,2017
Rae Sremmurd,2016
Lil Peep,2017
A$AP Ferg,2017
French Montana,2017
21 Savage,2017
Axwell /\ Ingrosso,2017
ZAYN,2017
J Balvin,2017
Jax Jones,2016
Rae Sremmurd,2016
Zara Larsson,2017
Travis Scott,2017
Ayo & Teo,2017
Lil Uzi Vert,2017
Imagine Dragons,2017
Rob $tone,2016
Jason Derulo,2017
G-Eazy,2017
Playboi Carti,2017
Chord Overstreet,2017
Jax Jones,2017
Imagine Dragons,2017
Natti Natasha,2017
Kendrick Lamar,2017
Selena Gomez,2017
Charlie Puth,2017
Big Shaq,2017
Anne-Marie,2017
Rag'n'Bone Man,2017
blackbear,2017
Lil Pump,2017
Taylor Swift,2017
Enrique Iglesias,2017
Kodak Black,2017
Kendrick Lamar,2017
A Boogie Wit da Hoodie,2017
XXXTENTACION,2017
Migos,2017
Yo Gotti,2017
Martin Garrix,2017
Jonas Blue,2017
Martin Jensen,2016
Taylor Swift,2017
David Guetta,2017
Migos,2017
Shawn Mendes,2017
G-Eazy,2017
The Vamps,2017
Dua Lipa,2017
Cardi B,2017
Rag'n'Bone Man,2017
Zara Larsson,2017
DJ Khaled,2017
Post Malone,2016
Avicii,2017
Clean Bandit,2017
Katy Perry,2017
Zay Hilfigerrr,2016
Calvin Harris,2017
Migos,2017
OneRepublic,2017
Maggie Lindemann,2017
Macklemore,2017
Hayden James,2019
Liam Payne,2017
Drake,2017
Justin Bieber,2017
ZAYN,2016
Alessia Cara,2016
2 Chainz,2017
Starley,2016
AJR,2017
Lana Del Rey,2017
CNCO,2017
The Vamps,2017
The Weeknd,2016
The Chainsmokers,2017
Big Sean,2017
Shawn Mendes,2017
Avicii,2017
Cheat Codes,2017
Bruno Mars,2016
Lorde,2017
Kygo,2017
Drake,2018
Post Malone,2018
Offset,2017
G-Eazy,2017
Dynoro,2018
Juice WRLD,2018
Zedd,2018
Marshmello,2018
Cardi B,2018
XXXTENTACION,2018
Ariana Grande,2018
Sheck Wes,2018
Calvin Harris,2018
Tyga,2018
Travis Scott,2018
Imagine Dragons,2018
DJ Snake,2018
Marshmello,2018
The Weeknd,2018
Billie Eilish,2018
Migos,2018
Clean Bandit,2018
Drake,2018
6ix9ine,2018
The Weeknd,2018
Nio Garcia,2018
Migos,2018
Nicky Jam,2019
XXXTENTACION,2018
Becky G,2018
Machine Gun Kelly,2017
6ix9ine,2018
Jax Jones,2017
The Chainsmokers,2018
Jay Rock,2018
Rich The Kid,2018
Kendrick Lamar,2018
Logic,2018
Jason Derulo,2017
Ariana Grande,2018
Rae Sremmurd,2018
EO,2018
Dennis Lloyd,2017
girl in red,2018
Selena Gomez,2017
Tiësto,2018
Tom Walker,2017
Sofía Reyes,2018
Marshmello,2017
5 Seconds of Summer,2018
Loud Luxury,2017
Liam Payne,2018
NF,2017
XXXTENTACION,2018
Maluma,2018
Cardi B,2018
Lil Baby,2018
Jonas Blue,2018
David Guetta,2018
Ozuna,2018
Charlie Puth,2018
Post Malone,2018
BlocBoy JB,2018
Eminem,2017
Marshmello,2018
Dean Lewis,2018
Charlie Puth,2018
Migos,2018
YG,2018
Drake,2018
B Young,2018
Charlie Puth,2018
Reik,2018
benny blanco,2018
Luis Fonsi,2017
MK,2017
Rita Ora,2017
Banx & Ranx,2018
Ella Mai,2018
Daddy Yankee,2018
DJ Khaled,2018
Anne-Marie,2018
Bruno Mars,2017
FINNEAS,2018
Hugh Jackman,2017
Halsey,2017
Drake,2018
Camila Cabello,2018
M.O,2018
Dua Lipa,2017
Cashmere Cat,2018
Bazzi,2018
Lil Dicky,2018
Lauv,2018
The Chainsmokers,2018
Maroon 5,2018
Khalid,2018
Drake,2018
Kendrick Lamar,2017
Post Malone,2018
Lil Nas X,2019
Billie Eilish,2019
Shawn Mendes,2019
Ariana Grande,2019
Post Malone,2019
Gesaffelstein,2019
Halsey,2018
Regard,2019
Lady Gaga,2018
Mark Ronson,2018
Lewis Capaldi,2019
Jax Jones,2019
Mustard,2019
NLE Choppa,2019
Kodak Black,2018
Daddy Yankee,2019
Alec Benjamin,2018
BLACKPINK,2019
Offset,2019
MEDUZA,2019
Ed Sheeran,2019
Travis Scott,2018
Mabel,2019
Lana Del Rey,2019
DJ Snake,2019
A Boogie Wit da Hoodie,2018
Saweetie,2019
Lil Tecca,2019
Russ Millions,2019
Billie Eilish,2018
Mabel,2019
Lil Nas X,2019
Meek Mill,2018
Post Malone,2019
Doja Cat,2019
A Boogie Wit da Hoodie,2018
iann dior,2019
Paulo Londra,2019
Drake,2019
Lil Nas X,2019
Bad Bunny,2018
Polo G,2019
Juice WRLD,2019
21 Savage,2018
Young Thug,2019
Anuel AA,2019
Camila Cabello,2019
Flipp Dinero,2019
Cardi B,2018
Ariana Grande,2019
Dave,2019
Ava Max,2018
Dua Lipa,2019
Young T & Bugsey,2019
Calvin Harris,2019
Ed Sheeran,2019
Cardi B,2019
Stormzy,2019
Tones And I,2019
Ariana Grande,2019
Bad Bunny,2019
Ava Max,2019
Pedro Capó,2018
J. Cole,2019
Lunay,2019
Khalid,2018
Blueface,2018
DaBaby,2019
AJ Tracey,2019
Billie Eilish,2019
BTS,2019
Wiley,2019
Jonas Brothers,2019
5 Seconds of Summer,2019
Avicii,2019
"Tyler, The Creator",2019
Ashley O,2019
Dominic Fike,2018
Sigala,2019
Megan Thee Stallion,2019
Anuel AA,2019
Sam Feldt,2019
Kehlani,2019
Sech,2019
Post Malone,2018
Ed Sheeran,2019
Lauv,2019
iann dior,2019
Panic! At The Disco,2018
Marshmello,2019
Sam Smith,2019
NSG,2020
Normani,2019
Joel Corry,2019
Post Malone,2019
Jonas Brothers,2019
Taylor Swift,2019
Blanco Brown,2019
Sam Smith,2019
Post Malone,2019
